scenario_id,scenario_name,transition_logic,source_sheet,source_row,category_id,category_original,category,domain,item,baseline_kgco2e_per_capita,L_max_adoption,k_adoption_speed,t0_inflection_year,combined_reduction_fraction,technical_reduction_fraction,behavioral_reduction_fraction,assumption_note_original,assumption_note,references,combined_reduction_recalculated,combined_reduction_difference
S1,Scenario 1,Limited change / static reference,Scenario1,2,local_transport_cars,Lokala transporter - bilar,Local transport - Cars,Local transport,Cars,104.1669,0.0,0.4,2030,0.0,0.0,0.0,,,,0.0,0.0
S1,Scenario 1,Limited change / static reference,Scenario1,3,local_transport_fuels_and_lubricants,Lokala transporter - bränslen och smörjmedel,Local transport - Fuels and lubricants,Local transport,Fuels and lubricants,124.8679,0.0,0.4,2030,0.0,0.0,0.0,,,,0.0,0.0
S1,Scenario 1,Limited change / static reference,Scenario1,4,local_transport_direct_emissions_from_vehicle_use,Lokala transporter - direkta utsläpp från fordonsanvändning,Local transport - Direct emissions from vehicle use,Local transport,Direct emissions from vehicle use,410.0331,0.0,0.4,2030,0.0,0.0,0.0,,,,0.0,0.0
S1,Scenario 1,Limited change / static reference,Scenario1,5,housing_district_heating_and_other_energy_for_heating_and_cooling,Bostaden - fjärrvärme och annan energi för uppvärmning och kylning,Housing - District heating and other energy for heating and cooling,Housing,District heating and other energy for heating and cooling,506.3924,0.0,0.4,2030,0.0,0.0,0.0,,,,0.0,0.0
S1,Scenario 1,Limited change / static reference,Scenario1,6,housing_direct_emissions_from_heating,Bostaden - direkta utsläpp från uppvärmning,Housing - Direct emissions from heating,Housing,Direct emissions from heating,50.47222,0.0,0.4,2030,0.0,0.0,0.0,,,,0.0,0.0
S1,Scenario 1,Limited change / static reference,Scenario1,7,clothing_and_shoes_clothing,Kläder och skor - kläder,Clothing and shoes - Clothing,Clothing and shoes,Clothing,177.6083,0.0,0.4,2030,0.0,0.0,0.0,,,,0.0,0.0
S1,Scenario 1,Limited change / static reference,Scenario1,8,other_consumption_furniture_furnishings_and_carpets,"Övrigt - furniture, furnishings, carpets","Other consumption - Furniture, furnishings and carpets",Other consumption,"Furniture, furnishings and carpets",93.87308,0.0,0.4,2030,0.0,0.0,0.0,,,,0.0,0.0
S1,Scenario 1,Limited change / static reference,Scenario1,9,other_consumption_information_and_communication_equipment,Övrigt - informations- och kommunikationsutrustning,Other consumption - Information and communication equipment,Other consumption,Information and communication equipment,85.56549,0.0,0.4,2030,0.0,0.0,0.0,,,,0.0,0.0
S1,Scenario 1,Limited change / static reference,Scenario1,10,other_consumption_other_appliances_and_products_for_personal_care,Övrigt - other appliances and products for personal care,Other consumption - Other appliances and products for personal care,Other consumption,Other appliances and products for personal care,72.39924,0.0,0.4,2030,0.0,0.0,0.0,,,,0.0,0.0
S1,Scenario 1,Limited change / static reference,Scenario1,11,other_consumption_home_and_garden_tools,Övrigt - home and garden tools,Other consumption - Home and garden tools,Other consumption,Home and garden tools,20.05375,0.0,0.4,2030,0.0,0.0,0.0,,,,0.0,0.0
S1,Scenario 1,Limited change / static reference,Scenario1,12,clothing_and_shoes_shoes_and_other_footwear,Kläder och skor - skor och andra skodon,Clothing and shoes - Shoes and other footwear,Clothing and shoes,Shoes and other footwear,50.41063,0.0,0.4,2030,0.0,0.0,0.0,,,,0.0,0.0
S1,Scenario 1,Limited change / static reference,Scenario1,13,other_consumption_household_appliances,Övrigt - household appliances,Other consumption - Household appliances,Other consumption,Household appliances,42.5664,0.0,0.4,2030,0.0,0.0,0.0,,,,0.0,0.0
S1,Scenario 1,Limited change / static reference,Scenario1,14,other_consumption_household_textiles,Övrigt - household textiles,Other consumption - Household textiles,Other consumption,Household textiles,22.88734,0.0,0.4,2030,0.0,0.0,0.0,,,,0.0,0.0
S1,Scenario 1,Limited change / static reference,Scenario1,15,clothing_and_shoes_other_garments_and_clothing_accessories,Kläder och skor - andra klädesplagg och klädestillbehörs,Clothing and shoes - Other garments and clothing accessories,Clothing and shoes,Other garments and clothing accessories,16.67224,0.0,0.4,2030,0.0,0.0,0.0,,,,0.0,0.0
S1,Scenario 1,Limited change / static reference,Scenario1,16,leisure_sport_and_culture_games_toys_and_hobby_articles,"Fritid, sport, kultur - spel, leksaker och hobbyartiklar","Leisure, sport and culture - Games, toys and hobby articles","Leisure, sport and culture","Games, toys and hobby articles",38.33197,0.0,0.4,2030,0.0,0.0,0.0,,,,0.0,0.0
S1,Scenario 1,Limited change / static reference,Scenario1,17,leisure_sport_and_culture_major_durable_goods_for_leisure,"Fritid, sport, kultur - större varaktiga fritidsprodukter","Leisure, sport and culture - Major durable goods for leisure","Leisure, sport and culture",Major durable goods for leisure,28.39759,0.0,0.4,2030,0.0,0.0,0.0,,,,0.0,0.0
S1,Scenario 1,Limited change / static reference,Scenario1,18,other_consumption_glassware_tableware_and_other_utensils,"Övrigt - glassware, tableware, other utensils","Other consumption - Glassware, tableware and other utensils",Other consumption,"Glassware, tableware and other utensils",26.46434,0.0,0.4,2030,0.0,0.0,0.0,,,,0.0,0.0
S1,Scenario 1,Limited change / static reference,Scenario1,19,leisure_sport_and_culture_equipment_for_sport_camping_and_outdoor_recreation,"Fritid, sport, kultur - utrustning för sport, camping och friluftsliv","Leisure, sport and culture - Equipment for sport, camping and outdoor recreation","Leisure, sport and culture","Equipment for sport, camping and outdoor recreation",23.05441,0.0,0.4,2030,0.0,0.0,0.0,,,,0.0,0.0
S1,Scenario 1,Limited change / static reference,Scenario1,20,other_consumption_other_personal_effects_n_e_c,Övrigt - other personal effects n.e.c.,Other consumption - Other personal effects n.e.c.,Other consumption,Other personal effects n.e.c.,14.23978,0.0,0.4,2030,0.0,0.0,0.0,,,,0.0,0.0
S1,Scenario 1,Limited change / static reference,Scenario1,21,local_transport_bicycles,Lokala transporter - cyklar,Local transport - Bicycles,Local transport,Bicycles,11.50822,0.0,0.4,2030,0.0,0.0,0.0,,,,0.0,0.0
S1,Scenario 1,Limited change / static reference,Scenario1,22,other_consumption_jewellery_and_watches,Övrigt - jewellery and watches,Other consumption - Jewellery and watches,Other consumption,Jewellery and watches,12.24788,0.0,0.4,2030,0.0,0.0,0.0,,,,0.0,0.0
S1,Scenario 1,Limited change / static reference,Scenario1,23,leisure_sport_and_culture_books,"Fritid, sport, kultur - böcker","Leisure, sport and culture - Books","Leisure, sport and culture",Books,7.58624,0.0,0.4,2030,0.0,0.0,0.0,,,,0.0,0.0
S1,Scenario 1,Limited change / static reference,Scenario1,24,leisure_sport_and_culture_writing_and_drawing_materials,"Fritid, sport, kultur - skriv- och ritmaterial","Leisure, sport and culture - Writing and drawing materials","Leisure, sport and culture",Writing and drawing materials,5.603584,0.0,0.4,2030,0.0,0.0,0.0,,,,0.0,0.0
S1,Scenario 1,Limited change / static reference,Scenario1,25,clothing_and_shoes_clothing_materials,Kläder och skor - material till kläder,Clothing and shoes - Clothing materials,Clothing and shoes,Clothing materials,4.7143,0.0,0.4,2030,0.0,0.0,0.0,,,,0.0,0.0
S1,Scenario 1,Limited change / static reference,Scenario1,26,leisure_sport_and_culture_musical_instruments,"Fritid, sport, kultur - musikinstrument","Leisure, sport and culture - Musical instruments","Leisure, sport and culture",Musical instruments,1.248173,0.0,0.4,2030,0.0,0.0,0.0,,,,0.0,0.0
S2,Scenario 2,Major-emission-category focus,Scenario2,2,local_transport_cars,Lokala transporter - bilar,Local transport - Cars,Local transport,Cars,104.1669,0.1,0.4,2030,1.0,0.0,1.0,"10% färre bilar 2050 men varje bil ger samma avtryck som idag eftersom elbils produktion kräver mer, men effektiviseras lite","10% fewer cars by 2050, but each car has the same footprint as today because electric-vehicle production requires more resources, although it becomes slightly more efficient.",Where:,1.0,0.0
S2,Scenario 2,Major-emission-category focus,Scenario2,3,local_transport_fuels_and_lubricants,Lokala transporter - bränslen och smörjmedel,Local transport - Fuels and lubricants,Local transport,Fuels and lubricants,124.8679,0.9,0.3,2030,0.9,0.9,0.0,Massiv reduktion av bensin/diesel men inte smörjmedel,"Large reduction in petrol and diesel, but not in lubricants.",L = Maximum adoption fraction (asymptote),0.9,0.0
S2,Scenario 2,Major-emission-category focus,Scenario2,4,local_transport_direct_emissions_from_vehicle_use,Lokala transporter - direkta utsläpp från fordonsanvändning,Local transport - Direct emissions from vehicle use,Local transport,Direct emissions from vehicle use,410.0331,0.9,0.3,2035,1.0,1.0,0.0,90% elbilar 2050,90% electric cars by 2050.,k = Growth rate parameter (steepness of curve),1.0,0.0
S2,Scenario 2,Major-emission-category focus,Scenario2,5,housing_district_heating_and_other_energy_for_heating_and_cooling,Bostaden - fjärrvärme och annan energi för uppvärmning och kylning,Housing - District heating and other energy for heating and cooling,Housing,District heating and other energy for heating and cooling,506.3924,0.95,1.0,2030,1.0,1.0,0.0,95% av hushållen täcks av CCS kring 2030,95% of households are covered by CCS around 2030.,t₀ = Inflection point (year of maximum acceleration),1.0,0.0
S2,Scenario 2,Major-emission-category focus,Scenario2,6,housing_direct_emissions_from_heating,Bostaden - direkta utsläpp från uppvärmning,Housing - Direct emissions from heating,Housing,Direct emissions from heating,50.47222,0.5,0.3,2035,0.8,0.8,0.0,50 % av hushåll som eldar olja och pellets övergår till klimatsmart uppvärmning,50% of households using oil and pellets shift to climate-smart heating.,.,0.8,0.0
S2,Scenario 2,Major-emission-category focus,Scenario2,7,food_and_drink_meat,Mat och dryck - kött,Food and drink - Meat,Food and drink,Meat,289.9323,0.75,0.3,2035,0.5,0.0,0.5,75% av medborgarna halverar sin köttkonsumtion till 2050,75% of residents halve their meat consumption by 2050.,Quick check,0.5,0.0
S2,Scenario 2,Major-emission-category focus,Scenario2,8,food_and_drink_milk_cheese_other_dairy_products_and_eggs,"Mat och dryck - mjölk, ost, övriga mejeriprodukter, ägg","Food and drink - Milk, cheese, other dairy products and eggs",Food and drink,"Milk, cheese, other dairy products and eggs",229.2876,0.75,0.4,2035,0.5,0.0,0.5,75% av medborgarna halverar sin mejerikonsumtion till 2050,75% of residents halve their dairy consumption by 2050.,year,0.5,0.0
S2,Scenario 2,Major-emission-category focus,Scenario2,9,local_transport_company_car_benefit,Lokala transporter - bilförmån,Local transport - Company-car benefit,Local transport,Company-car benefit,18.5096,0.75,0.3,2035,1.0,0.0,1.0,Organisationer som erbjuder bilförmån minskas för att minska bilägande,Organisations offering company-car benefits are reduced to decrease car ownership.,,1.0,0.0
S2,Scenario 2,Major-emission-category focus,Scenario2,10,flights_passenger_flights,Flyg - Flygresor,Flights - Passenger flights,Flights,Passenger flights,849.8395,0.9,0.3,2035,0.6,0.2,0.5,"De flesta -90%- flyger mindre, och flyg blir mindre CO2 tunga (alt. drivmedel)","Most residents, 90%, fly less, and aviation becomes less CO2-intensive through alternative fuels.",,0.6,0.0
S3,Scenario 3,Lifestyle-centred transition,Scenario3,2,flights_passenger_flights,Flyg - Flygresor,Flights - Passenger flights,Flights,Passenger flights,849.8395,1.0,0.3,2030,0.75,0.5,0.5,Vi minskar med 50% och flygen blir effektivare,Flying is reduced by 50% and aviation becomes more efficient.,,0.75,0.0
S3,Scenario 3,Lifestyle-centred transition,Scenario3,3,housing_district_heating_and_other_energy_for_heating_and_cooling,Bostaden - fjärrvärme och annan energi för uppvärmning och kylning,Housing - District heating and other energy for heating and cooling,Housing,District heating and other energy for heating and cooling,506.3924,0.95,1.0,2030,1.0,1.0,0.0,CCS,CCS.,,1.0,0.0
S3,Scenario 3,Lifestyle-centred transition,Scenario3,4,local_transport_direct_emissions_from_vehicle_use,Lokala transporter - direkta utsläpp från fordonsanvändning,Local transport - Direct emissions from vehicle use,Local transport,Direct emissions from vehicle use,410.0331,1.0,0.3,2030,1.0,1.0,0.0,Elektrifiering av 100% av flottan till 2050,100% electrification of the fleet by 2050.,,1.0,0.0
S3,Scenario 3,Lifestyle-centred transition,Scenario3,5,food_and_drink_meat,Mat och dryck - kött,Food and drink - Meat,Food and drink,Meat,289.9323,0.75,0.3,2030,0.5,0.0,0.5,75% av folket minskar sin köttkonsumtion m 50%,75% of residents reduce their meat consumption by 50%.,,0.5,0.0
S3,Scenario 3,Lifestyle-centred transition,Scenario3,6,housing_imputed_rent_for_owned_permanent_dwelling,Bostaden - uppskattad hyra för egen bostad (ägd permanentbostad),Housing - Imputed rent for owned permanent dwelling,Housing,Imputed rent for owned permanent dwelling,240.1408,0.5,0.2,2030,0.25,0.0,0.25,50% av folket minskar boyta m 25%,50% of residents reduce living space by 25%.,,0.25,0.0
S3,Scenario 3,Lifestyle-centred transition,Scenario3,7,food_and_drink_milk_cheese_other_dairy_products_and_eggs,"Mat och dryck - mjölk, ost, övriga mejeriprodukter, ägg","Food and drink - Milk, cheese, other dairy products and eggs",Food and drink,"Milk, cheese, other dairy products and eggs",229.2876,0.75,0.3,2030,0.5,0.0,0.5,50% av folket minskar sin mejerikonsumtion m 25%,50% of residents reduce dairy consumption by 25%.,,0.5,0.0
S3,Scenario 3,Lifestyle-centred transition,Scenario3,8,clothing_and_shoes_clothing,Kläder och skor - kläder,Clothing and shoes - Clothing,Clothing and shoes,Clothing,177.6083,1.0,0.4,2030,0.75,0.5,0.5,Vi minskar nyinköp med 50% och produktionen blir effektivare,New purchases are reduced by 50% and production becomes more efficient.,,0.75,0.0
S3,Scenario 3,Lifestyle-centred transition,Scenario3,9,local_transport_fuels_and_lubricants,Lokala transporter - bränslen och smörjmedel,Local transport - Fuels and lubricants,Local transport,Fuels and lubricants,124.8679,0.9,0.3,2030,0.9,0.9,0.0,Elektrifiering av 100% gör att bara smörjmedel finns kvar,100% electrification means that only lubricants remain.,,0.9,0.0
S3,Scenario 3,Lifestyle-centred transition,Scenario3,10,housing_actual_rent_for_rented_permanent_dwelling,"Bostaden - faktisk hyra, hyresrätt (permanentbostad)",Housing - Actual rent for rented permanent dwelling,Housing,Actual rent for rented permanent dwelling,124.7562,0.5,0.4,2030,0.25,0.0,0.25,50% av folket minskar boyta m 25%,50% of residents reduce living space by 25%.,,0.25,0.0
S3,Scenario 3,Lifestyle-centred transition,Scenario3,11,leisure_sport_and_culture_package_holidays,"Fritid, sport, kultur - paketresor","Leisure, sport and culture - Package holidays","Leisure, sport and culture",Package holidays,121.6209,1.0,0.4,2030,0.75,0.5,0.5,Folk minskar paketresor med 50% och systemet blir effektivare,People reduce package holidays by 50% and the system becomes more efficient.,,0.75,0.0
S3,Scenario 3,Lifestyle-centred transition,Scenario3,12,local_transport_cars,Lokala transporter - bilar,Local transport - Cars,Local transport,Cars,104.1669,0.5,0.4,2030,1.0,0.0,1.0,50% av folket äger inte egen bil,50% of residents do not own a private car.,,1.0,0.0
S3,Scenario 3,Lifestyle-centred transition,Scenario3,13,food_and_drink_sugar_confectionery_and_desserts,"Mat och dryck - socker, konfektyr och efterrätter","Food and drink - Sugar, confectionery and desserts",Food and drink,"Sugar, confectionery and desserts",102.6101,1.0,0.4,2030,0.5,0.0,0.5,100% av folket minskar med 50%,100% of residents reduce consumption by 50%.,,0.5,0.0
S3,Scenario 3,Lifestyle-centred transition,Scenario3,14,other_consumption_furniture_furnishings_and_carpets,"Övrigt - furniture, furnishings, carpets","Other consumption - Furniture, furnishings and carpets",Other consumption,"Furniture, furnishings and carpets",93.87308,1.0,0.4,2030,0.75,0.5,0.5,Vi minskar nyinköp med 50% och produktionen blir effektivare,New purchases are reduced by 50% and production becomes more efficient.,,0.75,0.0
S3,Scenario 3,Lifestyle-centred transition,Scenario3,15,other_consumption_information_and_communication_equipment,Övrigt - informations- och kommunikationsutrustning,Other consumption - Information and communication equipment,Other consumption,Information and communication equipment,85.56549,1.0,0.4,2030,0.75,0.5,0.5,Vi minskar nyinköp med 50% och produktionen blir effektivare,New purchases are reduced by 50% and production becomes more efficient.,,0.75,0.0
S3,Scenario 3,Lifestyle-centred transition,Scenario3,16,food_and_drink_ready_made_meals_and_other_food_products,Mat och dryck - färdigmat och andra livsmedelsprodukter,Food and drink - Ready-made meals and other food products,Food and drink,Ready-made meals and other food products,83.47034,0.75,0.4,2030,0.5,0.0,0.5,75% av folket minskar med 50%,75% of residents reduce consumption by 50%.,,0.5,0.0
S3,Scenario 3,Lifestyle-centred transition,Scenario3,17,local_transport_passenger_transport_by_sea,Lokala transporter - passagerartransport till sjöss,Local transport - Passenger transport by sea,Local transport,Passenger transport by sea,75.27207,0.5,0.4,2030,0.75,0.5,0.5,"Sjötransport blir effektivare, och drivs mer med alt bränsle",Sea transport becomes more efficient and is increasingly powered by alternative fuels.,,0.75,0.0
S3,Scenario 3,Lifestyle-centred transition,Scenario3,18,other_consumption_other_appliances_and_products_for_personal_care,Övrigt - other appliances and products for personal care,Other consumption - Other appliances and products for personal care,Other consumption,Other appliances and products for personal care,72.39924,1.0,0.4,2030,0.75,0.5,0.5,Vi minskar med 50% och produktionen blir effektivare,Consumption is reduced by 50% and production becomes more efficient.,,0.75,0.0
S3,Scenario 3,Lifestyle-centred transition,Scenario3,19,housing_electricity,Bostaden - elektricitet,Housing - Electricity,Housing,Electricity,57.17375,1.0,0.4,2030,0.75,0.5,0.5,Vi minskar med 50% och produktionen blir effektivare,Consumption is reduced by 50% and production becomes more efficient.,,0.75,0.0
S3,Scenario 3,Lifestyle-centred transition,Scenario3,20,housing_direct_emissions_from_heating,Bostaden - direkta utsläpp från uppvärmning,Housing - Direct emissions from heating,Housing,Direct emissions from heating,50.47222,0.5,0.3,2030,0.8,0.8,0.0,50% uppgraderar uppvärmning m 80%,50% upgrade heating systems with an 80% reduction effect.,,0.8,0.0
S3,Scenario 3,Lifestyle-centred transition,Scenario3,21,clothing_and_shoes_shoes_and_other_footwear,Kläder och skor - skor och andra skodon,Clothing and shoes - Shoes and other footwear,Clothing and shoes,Shoes and other footwear,50.41063,1.0,0.4,2030,0.75,0.5,0.5,Vi minskar med 50% och produktionen blir effektivare,Consumption is reduced by 50% and production becomes more efficient.,,0.75,0.0
S3,Scenario 3,Lifestyle-centred transition,Scenario3,22,other_consumption_household_appliances,Övrigt - household appliances,Other consumption - Household appliances,Other consumption,Household appliances,42.5664,1.0,0.4,2030,0.75,0.5,0.5,Vi minskar med 50% och produktionen blir effektivare,Consumption is reduced by 50% and production becomes more efficient.,,0.75,0.0
S3,Scenario 3,Lifestyle-centred transition,Scenario3,23,leisure_sport_and_culture_games_toys_and_hobby_articles,"Fritid, sport, kultur - spel, leksaker och hobbyartiklar","Leisure, sport and culture - Games, toys and hobby articles","Leisure, sport and culture","Games, toys and hobby articles",38.33197,1.0,0.4,2030,0.75,0.5,0.5,Vi minskar med 50% och produktionen blir effektivare,Consumption is reduced by 50% and production becomes more efficient.,,0.75,0.0
S3,Scenario 3,Lifestyle-centred transition,Scenario3,24,leisure_sport_and_culture_major_durable_goods_for_leisure,"Fritid, sport, kultur - större varaktiga fritidsprodukter","Leisure, sport and culture - Major durable goods for leisure","Leisure, sport and culture",Major durable goods for leisure,28.39759,1.0,0.4,2030,0.75,0.5,0.5,Vi minskar med 50% och produktionen blir effektivare,Consumption is reduced by 50% and production becomes more efficient.,,0.75,0.0
S3,Scenario 3,Lifestyle-centred transition,Scenario3,25,other_consumption_glassware_tableware_and_other_utensils,"Övrigt - glassware, tableware, other utensils","Other consumption - Glassware, tableware and other utensils",Other consumption,"Glassware, tableware and other utensils",26.46434,1.0,0.4,2030,0.75,0.5,0.5,Vi minskar med 50% och produktionen blir effektivare,Consumption is reduced by 50% and production becomes more efficient.,,0.75,0.0
S3,Scenario 3,Lifestyle-centred transition,Scenario3,26,leisure_sport_and_culture_equipment_for_sport_camping_and_outdoor_recreation,"Fritid, sport, kultur - utrustning för sport, camping och friluftsliv","Leisure, sport and culture - Equipment for sport, camping and outdoor recreation","Leisure, sport and culture","Equipment for sport, camping and outdoor recreation",23.05441,1.0,0.4,2030,0.75,0.5,0.5,Vi minskar med 50% och produktionen blir effektivare,Consumption is reduced by 50% and production becomes more efficient.,,0.75,0.0
S3,Scenario 3,Lifestyle-centred transition,Scenario3,27,other_consumption_household_textiles,Övrigt - household textiles,Other consumption - Household textiles,Other consumption,Household textiles,22.88734,1.0,0.4,2030,0.75,0.5,0.5,Vi minskar med 50% och produktionen blir effektivare,Consumption is reduced by 50% and production becomes more efficient.,,0.75,0.0
S3,Scenario 3,Lifestyle-centred transition,Scenario3,28,other_consumption_home_and_garden_tools,Övrigt - home and garden tools,Other consumption - Home and garden tools,Other consumption,Home and garden tools,20.05375,1.0,0.4,2030,0.75,0.5,0.5,Vi minskar med 50% och produktionen blir effektivare,Consumption is reduced by 50% and production becomes more efficient.,,0.75,0.0
S3,Scenario 3,Lifestyle-centred transition,Scenario3,29,clothing_and_shoes_other_garments_and_clothing_accessories,Kläder och skor - andra klädesplagg och klädestillbehörs,Clothing and shoes - Other garments and clothing accessories,Clothing and shoes,Other garments and clothing accessories,16.67224,1.0,0.4,2030,0.75,0.5,0.5,Vi minskar med 50% och produktionen blir effektivare,Consumption is reduced by 50% and production becomes more efficient.,,0.75,0.0
S3,Scenario 3,Lifestyle-centred transition,Scenario3,30,other_consumption_other_personal_effects_n_e_c,Övrigt - other personal effects n.e.c.,Other consumption - Other personal effects n.e.c.,Other consumption,Other personal effects n.e.c.,14.23978,1.0,0.4,2030,0.75,0.5,0.5,Vi minskar med 50% och produktionen blir effektivare,Consumption is reduced by 50% and production becomes more efficient.,,0.75,0.0
S3,Scenario 3,Lifestyle-centred transition,Scenario3,31,other_consumption_jewellery_and_watches,Övrigt - jewellery and watches,Other consumption - Jewellery and watches,Other consumption,Jewellery and watches,12.24788,1.0,0.4,2030,0.75,0.5,0.5,Vi minskar med 50% och produktionen blir effektivare,Consumption is reduced by 50% and production becomes more efficient.,,0.75,0.0
S3,Scenario 3,Lifestyle-centred transition,Scenario3,32,leisure_sport_and_culture_musical_instruments,"Fritid, sport, kultur - musikinstrument","Leisure, sport and culture - Musical instruments","Leisure, sport and culture",Musical instruments,1.248173,1.0,0.4,2030,0.75,0.5,0.5,Vi minskar med 50% och produktionen blir effektivare,Consumption is reduced by 50% and production becomes more efficient.,,0.75,0.0
S4,Scenario 4,Coordinated target-seeking transition,Scenario 4,2,flights_passenger_flights,Flyg - Flygresor,Flights - Passenger flights,Flights,Passenger flights,849.8395,1.0,0.4,2030,0.925,0.7,0.75,"alla flyger mycket mindre, och flyg blir mindre CO2 tunga (alt. drivmedel)","All residents fly much less, and aviation becomes less CO2-intensive through alternative fuels.","Kolla summeringen. Transportstyrelsen REPORT  TSL 2024-1934, fokusera I stort sätt bara på tek reduktion. 

Men det är uppskattad att att byta transportsätt till tåg kunde man reducera flyg m upp till 20%. Morfeldt, J., Curtale, R., Kamb, A. et al (2023). Carbon footprint effects of shifting from flights to
night trains for Swedish tourism. Journal of Cleaner Production, 420.
http://dx.doi.org/10.1016/j.jclepro.2023.138321.   ",0.925,0.0
S4,Scenario 4,Coordinated target-seeking transition,Scenario 4,3,housing_district_heating_and_other_energy_for_heating_and_cooling,Bostaden - fjärrvärme och annan energi för uppvärmning och kylning,Housing - District heating and other energy for heating and cooling,Housing,District heating and other energy for heating and cooling,506.3924,0.95,1.0,2030,1.0,1.0,0.1,95% av hushållen täcks av CCS kring 2030,95% of households are covered by CCS around 2030.,Klimatomställning Malmö- Scenarioanalys (90% reduction potential,1.0,0.0
S4,Scenario 4,Coordinated target-seeking transition,Scenario 4,4,local_transport_direct_emissions_from_vehicle_use,Lokala transporter - direkta utsläpp från fordonsanvändning,Local transport - Direct emissions from vehicle use,Local transport,Direct emissions from vehicle use,410.0331,1.0,0.2,2029,1.0,1.0,0.0,100% elbilar 2050,100% electric cars by 2050.,se rapporten,1.0,0.0
S4,Scenario 4,Coordinated target-seeking transition,Scenario 4,5,food_and_drink_meat,Mat och dryck - kött,Food and drink - Meat,Food and drink,Meat,289.9323,1.0,0.2,2029,0.94,0.7,0.8,"90% av medborgarna minskar sin köttkonsumtion med 80% till 2050, matsvinn minskas, produktion blir mer effektivt",90% of residents reduce meat consumption by 80% by 2050; food waste is reduced and production becomes more efficient.,the-agriculture-transition-building-a-sustainable-future-v8.pdf,0.94,0.0
S4,Scenario 4,Coordinated target-seeking transition,Scenario 4,6,housing_imputed_rent_for_owned_permanent_dwelling,Bostaden - uppskattad hyra för egen bostad (ägd permanentbostad),Housing - Imputed rent for owned permanent dwelling,Housing,Imputed rent for owned permanent dwelling,240.1408,0.75,0.2,2029,0.7749999999999999,0.7,0.25,"75% av befolkningen bor 25% mindre men en långsam förändring, pga bygg livslängd","75% of the population lives in 25% less space, but the change is slow because of building lifetimes.",Se rapporten,0.7749999999999999,0.0
S4,Scenario 4,Coordinated target-seeking transition,Scenario 4,7,food_and_drink_milk_cheese_other_dairy_products_and_eggs,"Mat och dryck - mjölk, ost, övriga mejeriprodukter, ägg","Food and drink - Milk, cheese, other dairy products and eggs",Food and drink,"Milk, cheese, other dairy products and eggs",229.2876,1.0,0.2,2029,0.85,0.7,0.5,"75% av medborgarna minskar sin mejeri konsumtion m. 75% till 2050, matsvinn minskas, produktion blir mer effektivt",75% of residents reduce dairy consumption by 75% by 2050; food waste is reduced and production becomes more efficient.,the-agriculture-transition-building-a-sustainable-future-v8.pdf,0.85,0.0
S4,Scenario 4,Coordinated target-seeking transition,Scenario 4,8,other_consumption_hotels_cafes_and_restaurants,"Övrigt - Hotell, kaféer och restauranger","Other consumption - Hotels, cafés and restaurants",Other consumption,"Hotels, cafés and restaurants",200.3526,1.0,0.2,2029,0.7,0.7,0.0,70% via transition till förnybar energi,70% reduction through transition to renewable energy.,Low-carbon energy sources: Looking ahead to 2050 | McKinsey & Company,0.7,0.0
S4,Scenario 4,Coordinated target-seeking transition,Scenario 4,9,clothing_and_shoes_clothing,Kläder och skor - kläder,Clothing and shoes - Clothing,Clothing and shoes,Clothing,177.6083,1.0,0.2,2029,0.925,0.7,0.75,Vi minskar nyinköp med 50% och produktionen blir effektivare,New purchases are reduced by 50% and production becomes more efficient.,Low-carbon energy sources: Looking ahead to 2050 | McKinsey & Company,0.925,0.0
S4,Scenario 4,Coordinated target-seeking transition,Scenario 4,10,food_and_drink_vegetables_root_crops_and_legumes,"Mat och dryck - grönsaker, rotfrukter, baljväxter","Food and drink - Vegetables, root crops and legumes",Food and drink,"Vegetables, root crops and legumes",145.0465,1.0,0.2,2029,0.7,0.7,0.0,70% via transition till förnybar energi,70% reduction through transition to renewable energy.,the-agriculture-transition-building-a-sustainable-future-v8.pdf,0.7,0.0
S4,Scenario 4,Coordinated target-seeking transition,Scenario 4,11,local_transport_fuels_and_lubricants,Lokala transporter - bränslen och smörjmedel,Local transport - Fuels and lubricants,Local transport,Fuels and lubricants,124.8679,1.0,0.2,2029,0.99,0.9,0.9,"100% elbilar,  smörjmedel kvarstår",100% electric cars; lubricants remain.,,0.99,0.0
S4,Scenario 4,Coordinated target-seeking transition,Scenario 4,12,housing_actual_rent_for_rented_permanent_dwelling,"Bostaden - faktisk hyra, hyresrätt (permanentbostad)",Housing - Actual rent for rented permanent dwelling,Housing,Actual rent for rented permanent dwelling,124.7562,1.0,0.2,2029,0.4375,0.25,0.25,"75% av befolkningen bor lite mindre men en långsam förändring, pga bygg livslängd","75% of the population lives in slightly less space, but the change is slow because of building lifetimes.",Se rapporten,0.4375,0.0
S4,Scenario 4,Coordinated target-seeking transition,Scenario 4,13,food_and_drink_fruit_and_nuts,Mat och dryck - frukter och nötter,Food and drink - Fruit and nuts,Food and drink,Fruit and nuts,122.7708,1.0,0.2,2029,0.7,0.7,0.0,70% via transition till förnybar energi,70% reduction through transition to renewable energy.,the-agriculture-transition-building-a-sustainable-future-v8.pdf,0.7,0.0
S4,Scenario 4,Coordinated target-seeking transition,Scenario 4,14,leisure_sport_and_culture_package_holidays,"Fritid, sport, kultur - paketresor","Leisure, sport and culture - Package holidays","Leisure, sport and culture",Package holidays,121.6209,1.0,0.2,2029,0.925,0.7,0.75,Paketresor räknas som flyg,Package holidays are treated as flights.,"Kolla summeringen. Transportstyrelsen REPORT  TSL 2024-1934, fokusera I stort sätt bara på tek reduktion. 

Men det är uppskattad att att byta transportsätt till tåg kunde man reducera flyg m upp till 20%. Morfeldt, J., Curtale, R., Kamb, A. et al (2023). Carbon footprint effects of shifting from flights to
night trains for Swedish tourism. Journal of Cleaner Production, 420.
http://dx.doi.org/10.1016/j.jclepro.2023.138321.   ",0.925,0.0
S4,Scenario 4,Coordinated target-seeking transition,Scenario 4,15,food_and_drink_bread_and_cereal_products,Mat och dryck - bröd och spannmålsprodukter,Food and drink - Bread and cereal products,Food and drink,Bread and cereal products,104.6514,1.0,0.2,2029,0.7,0.7,0.0,70% via transition till förnybar energi,70% reduction through transition to renewable energy.,the-agriculture-transition-building-a-sustainable-future-v8.pdf,0.7,0.0
S4,Scenario 4,Coordinated target-seeking transition,Scenario 4,16,local_transport_cars,Lokala transporter - bilar,Local transport - Cars,Local transport,Cars,104.1669,1.0,0.2,2029,0.85,0.7,0.5,50 % färre bilar 2050 men varje bil ger samma avtryck som idag,"50% fewer cars by 2050, but each car has the same footprint as today.",Se rapporten,0.85,0.0
S4,Scenario 4,Coordinated target-seeking transition,Scenario 4,17,food_and_drink_sugar_confectionery_and_desserts,"Mat och dryck - socker, konfektyr och efterrätter","Food and drink - Sugar, confectionery and desserts",Food and drink,"Sugar, confectionery and desserts",102.6101,1.0,0.2,2029,0.85,0.7,0.5,Sötsaker och fika halveras för hälsa och klimatavtryck,Sweets and fika consumption are halved for health and climate-footprint reasons.,the-agriculture-transition-building-a-sustainable-future-v8.pdf,0.85,0.0
S4,Scenario 4,Coordinated target-seeking transition,Scenario 4,18,other_consumption_furniture_furnishings_and_carpets,"Övrigt - furniture, furnishings, carpets","Other consumption - Furniture, furnishings and carpets",Other consumption,"Furniture, furnishings and carpets",93.87308,1.0,0.2,2029,0.85,0.7,0.5,Vi minskar nyinköp med 50% och produktionen blir effektivare,New purchases are reduced by 50% and production becomes more efficient.,Low-carbon energy sources: Looking ahead to 2050 | McKinsey & Company,0.85,0.0
S4,Scenario 4,Coordinated target-seeking transition,Scenario 4,19,other_consumption_information_and_communication_equipment,Övrigt - informations- och kommunikationsutrustning,Other consumption - Information and communication equipment,Other consumption,Information and communication equipment,85.56549,1.0,0.2,2029,0.85,0.7,0.5,Vi minskar nyinköp med 50% och produktionen blir effektivare,New purchases are reduced by 50% and production becomes more efficient.,Low-carbon energy sources: Looking ahead to 2050 | McKinsey & Company,0.85,0.0
S4,Scenario 4,Coordinated target-seeking transition,Scenario 4,20,other_consumption_medicines,Övrigt - medicines,Other consumption - Medicines,Other consumption,Medicines,85.34169,1.0,0.2,2029,0.7,0.7,0.0,70% via transition till förnybar energi,70% reduction through transition to renewable energy.,Low-carbon energy sources: Looking ahead to 2050 | McKinsey & Company,0.7,0.0
S4,Scenario 4,Coordinated target-seeking transition,Scenario 4,21,food_and_drink_ready_made_meals_and_other_food_products,Mat och dryck - färdigmat och andra livsmedelsprodukter,Food and drink - Ready-made meals and other food products,Food and drink,Ready-made meals and other food products,83.47034,0.75,0.2,2029,0.85,0.7,0.5,Färdigmaten innehåller mindre kött och mejeri,Ready-made meals contain less meat and dairy.,the-agriculture-transition-building-a-sustainable-future-v8.pdf,0.85,0.0
S4,Scenario 4,Coordinated target-seeking transition,Scenario 4,22,local_transport_passenger_transport_by_sea,Lokala transporter - passagerartransport till sjöss,Local transport - Passenger transport by sea,Local transport,Passenger transport by sea,75.27207,0.75,0.2,2029,0.7,0.7,0.0,"Sjötransport blir effektivare, och drivs mer med alt bränsle",Sea transport becomes more efficient and is increasingly powered by alternative fuels.,Kolla summeringen.,0.7,0.0
S4,Scenario 4,Coordinated target-seeking transition,Scenario 4,23,other_consumption_other_appliances_and_products_for_personal_care,Övrigt - other appliances and products for personal care,Other consumption - Other appliances and products for personal care,Other consumption,Other appliances and products for personal care,72.39924,1.0,0.2,2029,0.7,0.7,0.0,70% via transition till förnybar energi,70% reduction through transition to renewable energy.,Low-carbon energy sources: Looking ahead to 2050 | McKinsey & Company,0.7,0.0
S4,Scenario 4,Coordinated target-seeking transition,Scenario 4,24,housing_electricity,Bostaden - elektricitet,Housing - Electricity,Housing,Electricity,57.17375,1.0,0.2,2029,0.7749999999999999,0.7,0.25,mer förnybar energi och energieffektivisering av varor ger en minskning trots ökad elekrifiering,More renewable energy and energy efficiency in goods reduce emissions despite increased electrification.,Kolla summeringen.,0.7749999999999999,0.0
S4,Scenario 4,Coordinated target-seeking transition,Scenario 4,25,food_and_drink_fish_and_seafood,Mat och dryck - fisk och skaldjur,Food and drink - Fish and seafood,Food and drink,Fish and seafood,56.70087,1.0,0.2,2029,0.7,0.7,0.0,70% via transition till förnybar energi,70% reduction through transition to renewable energy.,Low-carbon energy sources: Looking ahead to 2050 | McKinsey & Company,0.7,0.0
S4,Scenario 4,Coordinated target-seeking transition,Scenario 4,26,leisure_sport_and_culture_garden_products_plants_and_flowers,"Fritid, sport, kultur - trädgårdsprodukter, växter och blommor","Leisure, sport and culture - Garden products, plants and flowers","Leisure, sport and culture","Garden products, plants and flowers",55.99662,1.0,0.2,2029,0.7,0.7,0.0,70% via transition till förnybar energi,70% reduction through transition to renewable energy.,Low-carbon energy sources: Looking ahead to 2050 | McKinsey & Company,0.7,0.0
S4,Scenario 4,Coordinated target-seeking transition,Scenario 4,27,housing_direct_emissions_from_heating,Bostaden - direkta utsläpp från uppvärmning,Housing - Direct emissions from heating,Housing,Direct emissions from heating,50.47222,1.0,0.2,2029,0.95,0.95,0.0,100 % av hushåll som eldar olja och pellets övergår till klimatsmart uppvärmning,100% of households using oil and pellets shift to climate-smart heating.,,0.95,0.0
S4,Scenario 4,Coordinated target-seeking transition,Scenario 4,28,clothing_and_shoes_shoes_and_other_footwear,Kläder och skor - skor och andra skodon,Clothing and shoes - Shoes and other footwear,Clothing and shoes,Shoes and other footwear,50.41063,1.0,0.2,2029,0.925,0.7,0.75,Vi minskar nyinköp med 75% och produktionen blir effektivare,New purchases are reduced by 75% and production becomes more efficient.,Low-carbon energy sources: Looking ahead to 2050 | McKinsey & Company,0.925,0.0
S4,Scenario 4,Coordinated target-seeking transition,Scenario 4,29,other_consumption_information_and_communication_services,Övrigt - informations- och kommunikationstjänster,Other consumption - Information and communication services,Other consumption,Information and communication services,47.86256,1.0,0.2,2029,0.7,0.7,0.0,70% via transition till förnybar energi,70% reduction through transition to renewable energy.,Low-carbon energy sources: Looking ahead to 2050 | McKinsey & Company,0.7,0.0
S4,Scenario 4,Coordinated target-seeking transition,Scenario 4,30,other_consumption_household_appliances,Övrigt - household appliances,Other consumption - Household appliances,Other consumption,Household appliances,42.5664,1.0,0.2,2029,0.925,0.7,0.75,Vi minskar nyinköp med 75% och produktionen blir effektivare,New purchases are reduced by 75% and production becomes more efficient.,Low-carbon energy sources: Looking ahead to 2050 | McKinsey & Company,0.925,0.0
S4,Scenario 4,Coordinated target-seeking transition,Scenario 4,31,other_consumption_goods_and_services_for_household_maintenance,Övrigt - goods and services for household maintenance,Other consumption - Goods and services for household maintenance,Other consumption,Goods and services for household maintenance,42.47462,1.0,0.2,2029,0.7,0.7,0.0,70% via transition till förnybar energi,70% reduction through transition to renewable energy.,Low-carbon energy sources: Looking ahead to 2050 | McKinsey & Company,0.7,0.0
S4,Scenario 4,Coordinated target-seeking transition,Scenario 4,32,local_transport_public_transport_and_other_combined_trips,Lokala transporter - kollektivtrafik och andra kombinationsresor,Local transport - Public transport and other combined trips,Local transport,Public transport and other combined trips,41.17072,1.0,0.2,2029,0.7,0.7,0.0,70% via transition till förnybar energi,70% reduction through transition to renewable energy.,Low-carbon energy sources: Looking ahead to 2050 | McKinsey & Company,0.7,0.0
S4,Scenario 4,Coordinated target-seeking transition,Scenario 4,33,food_and_drink_wine,Mat och dryck - vin,Food and drink - Wine,Food and drink,Wine,39.43027,1.0,0.2,2029,0.85,0.7,0.5,Vi minskar nyinköp med 50% och produktionen blir effektivare,New purchases are reduced by 50% and production becomes more efficient.,Low-carbon energy sources: Looking ahead to 2050 | McKinsey & Company,0.85,0.0
S4,Scenario 4,Coordinated target-seeking transition,Scenario 4,34,leisure_sport_and_culture_recreation_and_sport_services,"Fritid, sport, kultur - rekreations- och sporttjänster","Leisure, sport and culture - Recreation and sport services","Leisure, sport and culture",Recreation and sport services,38.68849,1.0,0.2,2029,0.7,0.7,0.0,70% via transition till förnybar energi,70% reduction through transition to renewable energy.,Low-carbon energy sources: Looking ahead to 2050 | McKinsey & Company,0.7,0.0
S4,Scenario 4,Coordinated target-seeking transition,Scenario 4,35,leisure_sport_and_culture_games_toys_and_hobby_articles,"Fritid, sport, kultur - spel, leksaker och hobbyartiklar","Leisure, sport and culture - Games, toys and hobby articles","Leisure, sport and culture","Games, toys and hobby articles",38.33197,1.0,0.2,2029,0.85,0.7,0.5,Vi minskar nyinköp med 50% och produktionen blir effektivare,New purchases are reduced by 50% and production becomes more efficient.,Low-carbon energy sources: Looking ahead to 2050 | McKinsey & Company,0.85,0.0
S4,Scenario 4,Coordinated target-seeking transition,Scenario 4,36,food_and_drink_oils_and_fats,Mat och dryck - oljor och fetter,Food and drink - Oils and fats,Food and drink,Oils and fats,37.36086,1.0,0.2,2029,0.7,0.7,0.0,70% via transition till förnybar energi,70% reduction through transition to renewable energy.,the-agriculture-transition-building-a-sustainable-future-v8.pdf,0.7,0.0
S4,Scenario 4,Coordinated target-seeking transition,Scenario 4,37,food_and_drink_fruit_and_vegetable_juices,Mat och dryck - frukt- och grönsaksjuicer,Food and drink - Fruit and vegetable juices,Food and drink,Fruit and vegetable juices,34.04544,1.0,0.2,2029,0.7,0.7,0.0,70% via transition till förnybar energi,70% reduction through transition to renewable energy.,the-agriculture-transition-building-a-sustainable-future-v8.pdf,0.7,0.0
S4,Scenario 4,Coordinated target-seeking transition,Scenario 4,38,local_transport_maintenance_and_repairs,Lokala transporter - underhåll och reparationer,Local transport - Maintenance and repairs,Local transport,Maintenance and repairs,33.37569,1.0,0.2,2029,0.7,0.7,0.0,70% via transition till förnybar energi,70% reduction through transition to renewable energy.,Low-carbon energy sources: Looking ahead to 2050 | McKinsey & Company,0.7,0.0
S4,Scenario 4,Coordinated target-seeking transition,Scenario 4,39,leisure_sport_and_culture_pets_and_pet_products,"Fritid, sport, kultur - sällskapsdjur och produkter för sällskapsdjur","Leisure, sport and culture - Pets and pet products","Leisure, sport and culture",Pets and pet products,30.02136,1.0,0.2,2029,0.7,0.7,0.0,70% via transition till förnybar energi,70% reduction through transition to renewable energy.,Low-carbon energy sources: Looking ahead to 2050 | McKinsey & Company,0.7,0.0
S4,Scenario 4,Coordinated target-seeking transition,Scenario 4,40,food_and_drink_tobacco,Mat och dryck - tobak,Food and drink - Tobacco,Food and drink,Tobacco,30.00426,1.0,0.2,2029,0.925,0.7,0.75,Vi minskar tobakkonsumtion m 75%,Tobacco consumption is reduced by 75%.,Low-carbon energy sources: Looking ahead to 2050 | McKinsey & Company,0.925,0.0
S4,Scenario 4,Coordinated target-seeking transition,Scenario 4,41,other_consumption_accommodation_services,Övrigt - accommodation services,Other consumption - Accommodation services,Other consumption,Accommodation services,29.12607,1.0,0.2,2029,0.7,0.7,0.0,70% via transition till förnybar energi,70% reduction through transition to renewable energy.,Low-carbon energy sources: Looking ahead to 2050 | McKinsey & Company,0.7,0.0
S4,Scenario 4,Coordinated target-seeking transition,Scenario 4,42,leisure_sport_and_culture_major_durable_goods_for_leisure,"Fritid, sport, kultur - större varaktiga fritidsprodukter","Leisure, sport and culture - Major durable goods for leisure","Leisure, sport and culture",Major durable goods for leisure,28.39759,1.0,0.2,2029,0.85,0.7,0.5,Vi minskar nyinköp med 50% och produktionen blir effektivare,New purchases are reduced by 50% and production becomes more efficient.,Low-carbon energy sources: Looking ahead to 2050 | McKinsey & Company,0.85,0.0
S4,Scenario 4,Coordinated target-seeking transition,Scenario 4,43,leisure_sport_and_culture_games_of_chance_betting_and_lotteries,"Fritid, sport, kultur - hasardspel: tips och lotter","Leisure, sport and culture - Games of chance, betting and lotteries","Leisure, sport and culture","Games of chance, betting and lotteries",26.75462,1.0,0.2,2029,0.7,0.7,0.0,70% via transition till förnybar energi,70% reduction through transition to renewable energy.,Low-carbon energy sources: Looking ahead to 2050 | McKinsey & Company,0.7,0.0
S4,Scenario 4,Coordinated target-seeking transition,Scenario 4,44,other_consumption_glassware_tableware_and_other_utensils,"Övrigt - glassware, tableware, other utensils","Other consumption - Glassware, tableware and other utensils",Other consumption,"Glassware, tableware and other utensils",26.46434,1.0,0.2,2029,0.85,0.7,0.5,Vi minskar nyinköp med 50% och produktionen blir effektivare,New purchases are reduced by 50% and production becomes more efficient.,Low-carbon energy sources: Looking ahead to 2050 | McKinsey & Company,0.85,0.0
S4,Scenario 4,Coordinated target-seeking transition,Scenario 4,45,food_and_drink_soft_drinks,Mat och dryck - läskedrycker,Food and drink - Soft drinks,Food and drink,Soft drinks,26.06581,1.0,0.2,2029,0.7,0.7,0.0,70% via transition till förnybar energi,70% reduction through transition to renewable energy.,the-agriculture-transition-building-a-sustainable-future-v8.pdf,0.7,0.0
S4,Scenario 4,Coordinated target-seeking transition,Scenario 4,46,other_consumption_hairdressing_salons_and_personal_grooming_establishments,Övrigt - hairdressing salons and personal grooming establishments,Other consumption - Hairdressing salons and personal grooming establishments,Other consumption,Hairdressing salons and personal grooming establishments,25.57508,1.0,0.2,2029,0.7,0.7,0.0,70% via transition till förnybar energi,70% reduction through transition to renewable energy.,Low-carbon energy sources: Looking ahead to 2050 | McKinsey & Company,0.7,0.0
S4,Scenario 4,Coordinated target-seeking transition,Scenario 4,47,housing_imputed_rent_for_holiday_homes_other_dwellings_garages_and_storage,"Bostaden - uppskattad hyra för fritidshus o andra boenden, garage, förråd","Housing - Imputed rent for holiday homes, other dwellings, garages and storage",Housing,"Imputed rent for holiday homes, other dwellings, garages and storage",24.46403,1.0,0.2,2029,0.7,0.7,0.0,70% via transition till förnybar energi,70% reduction through transition to renewable energy.,Low-carbon energy sources: Looking ahead to 2050 | McKinsey & Company,0.7,0.0
S4,Scenario 4,Coordinated target-seeking transition,Scenario 4,48,local_transport_road_transport_services_car_pools_buses_and_taxis,"Lokala transporter - vägtransporter: bilpooler, buss, taxi","Local transport - Road transport services: car pools, buses and taxis",Local transport,"Road transport services: car pools, buses and taxis",24.06002,1.0,0.2,2029,0.7,0.7,0.0,70% via transition till förnybar energi,70% reduction through transition to renewable energy.,Low-carbon energy sources: Looking ahead to 2050 | McKinsey & Company,0.7,0.0
S4,Scenario 4,Coordinated target-seeking transition,Scenario 4,49,housing_maintenance_repair_and_security,"Bostaden - underhåll, reparation, säkerhet","Housing - Maintenance, repair and security",Housing,"Maintenance, repair and security",23.56363,1.0,0.2,2029,0.7,0.7,0.0,70% via transition till förnybar energi,70% reduction through transition to renewable energy.,Low-carbon energy sources: Looking ahead to 2050 | McKinsey & Company,0.7,0.0
S4,Scenario 4,Coordinated target-seeking transition,Scenario 4,50,leisure_sport_and_culture_equipment_for_sport_camping_and_outdoor_recreation,"Fritid, sport, kultur - utrustning för sport, camping och friluftsliv","Leisure, sport and culture - Equipment for sport, camping and outdoor recreation","Leisure, sport and culture","Equipment for sport, camping and outdoor recreation",23.05441,1.0,0.2,2029,0.85,0.7,0.5,Vi minskar nyinköp med 50% och produktionen blir effektivare,New purchases are reduced by 50% and production becomes more efficient.,Low-carbon energy sources: Looking ahead to 2050 | McKinsey & Company,0.85,0.0
S4,Scenario 4,Coordinated target-seeking transition,Scenario 4,51,other_consumption_household_textiles,Övrigt - household textiles,Other consumption - Household textiles,Other consumption,Household textiles,22.88734,1.0,0.2,2029,0.85,0.7,0.5,Vi minskar nyinköp med 50% och produktionen blir effektivare,New purchases are reduced by 50% and production becomes more efficient.,Low-carbon energy sources: Looking ahead to 2050 | McKinsey & Company,0.85,0.0
S4,Scenario 4,Coordinated target-seeking transition,Scenario 4,52,local_transport_spare_parts_and_accessories,Lokala transporter - reservdelar och tillbehör,Local transport - Spare parts and accessories,Local transport,Spare parts and accessories,21.64835,1.0,0.2,2029,0.7,0.7,0.0,70% via transition till förnybar energi,70% reduction through transition to renewable energy.,Low-carbon energy sources: Looking ahead to 2050 | McKinsey & Company,0.7,0.0
S4,Scenario 4,Coordinated target-seeking transition,Scenario 4,53,other_consumption_home_and_garden_tools,Övrigt - home and garden tools,Other consumption - Home and garden tools,Other consumption,Home and garden tools,20.05375,1.0,0.2,2029,0.85,0.7,0.5,Vi minskar nyinköp med 50% och produktionen blir effektivare,New purchases are reduced by 50% and production becomes more efficient.,Low-carbon energy sources: Looking ahead to 2050 | McKinsey & Company,0.85,0.0
S4,Scenario 4,Coordinated target-seeking transition,Scenario 4,54,food_and_drink_coffee_and_coffee_substitutes,Mat och dryck - kaffe och kaffesurrogat,Food and drink - Coffee and coffee substitutes,Food and drink,Coffee and coffee substitutes,19.9522,1.0,0.2,2029,0.7,0.7,0.0,70% via transition till förnybar energi,70% reduction through transition to renewable energy.,Low-carbon energy sources: Looking ahead to 2050 | McKinsey & Company,0.7,0.0
S4,Scenario 4,Coordinated target-seeking transition,Scenario 4,55,other_consumption_financial_services,Övrigt - financial services,Other consumption - Financial services,Other consumption,Financial services,19.67818,1.0,0.2,2029,0.7,0.7,0.0,70% via transition till förnybar energi,70% reduction through transition to renewable energy.,Low-carbon energy sources: Looking ahead to 2050 | McKinsey & Company,0.7,0.0
S4,Scenario 4,Coordinated target-seeking transition,Scenario 4,56,local_transport_company_car_benefit,Lokala transporter - bilförmån,Local transport - Company-car benefit,Local transport,Company-car benefit,18.5096,1.0,0.2,2029,0.7,0.7,0.0,70% via transition till förnybar energi,70% reduction through transition to renewable energy.,Low-carbon energy sources: Looking ahead to 2050 | McKinsey & Company,0.7,0.0
S4,Scenario 4,Coordinated target-seeking transition,Scenario 4,57,clothing_and_shoes_other_garments_and_clothing_accessories,Kläder och skor - andra klädesplagg och klädestillbehörs,Clothing and shoes - Other garments and clothing accessories,Clothing and shoes,Other garments and clothing accessories,16.67224,1.0,0.2,2029,0.85,0.7,0.5,Vi minskar nyinköp med 50% och produktionen blir effektivare,New purchases are reduced by 50% and production becomes more efficient.,Low-carbon energy sources: Looking ahead to 2050 | McKinsey & Company,0.85,0.0
S4,Scenario 4,Coordinated target-seeking transition,Scenario 4,58,food_and_drink_strong_beer,Mat och dryck - starköl,Food and drink - Strong beer,Food and drink,Strong beer,15.00377,1.0,0.2,2029,0.85,0.7,0.5,Vi minskar nyinköp med 50% och produktionen blir effektivare,New purchases are reduced by 50% and production becomes more efficient.,the-agriculture-transition-building-a-sustainable-future-v8.pdf,0.85,0.0
S4,Scenario 4,Coordinated target-seeking transition,Scenario 4,59,local_transport_rental_of_personal_transport_equipment,Lokala transporter - uthyrning av personliga transportmedel,Local transport - Rental of personal transport equipment,Local transport,Rental of personal transport equipment,14.95851,1.0,0.2,2029,0.7,0.7,0.0,70% via transition till förnybar energi,70% reduction through transition to renewable energy.,Low-carbon energy sources: Looking ahead to 2050 | McKinsey & Company,0.7,0.0
S4,Scenario 4,Coordinated target-seeking transition,Scenario 4,60,other_consumption_other_personal_effects_n_e_c,Övrigt - other personal effects n.e.c.,Other consumption - Other personal effects n.e.c.,Other consumption,Other personal effects n.e.c.,14.23978,1.0,0.2,2029,0.85,0.7,0.5,Vi minskar nyinköp med 50% och produktionen blir effektivare,New purchases are reduced by 50% and production becomes more efficient.,Low-carbon energy sources: Looking ahead to 2050 | McKinsey & Company,0.85,0.0
S4,Scenario 4,Coordinated target-seeking transition,Scenario 4,61,food_and_drink_spirits,Mat och dryck - spritdrycker,Food and drink - Spirits,Food and drink,Spirits,13.04753,1.0,0.2,2029,0.85,0.7,0.5,Vi minskar nyinköp med 50% och produktionen blir effektivare,New purchases are reduced by 50% and production becomes more efficient.,the-agriculture-transition-building-a-sustainable-future-v8.pdf,0.85,0.0
S4,Scenario 4,Coordinated target-seeking transition,Scenario 4,62,local_transport_passenger_transport_by_rail_and_tram,Lokala transporter - persontransport järn- och spårväg,Local transport - Passenger transport by rail and tram,Local transport,Passenger transport by rail and tram,12.47695,1.0,0.2,2029,0.7,0.7,0.0,,,,0.7,0.0
S4,Scenario 4,Coordinated target-seeking transition,Scenario 4,63,other_consumption_jewellery_and_watches,Övrigt - jewellery and watches,Other consumption - Jewellery and watches,Other consumption,Jewellery and watches,12.24788,1.0,0.2,2029,0.85,0.7,0.5,Vi minskar nyinköp med 50% och produktionen blir effektivare,New purchases are reduced by 50% and production becomes more efficient.,Low-carbon energy sources: Looking ahead to 2050 | McKinsey & Company,0.85,0.0
S4,Scenario 4,Coordinated target-seeking transition,Scenario 4,64,local_transport_bicycles,Lokala transporter - cyklar,Local transport - Bicycles,Local transport,Bicycles,11.50822,1.0,0.2,2029,0.7,0.7,0.0,70% via transition till förnybar energi,70% reduction through transition to renewable energy.,Low-carbon energy sources: Looking ahead to 2050 | McKinsey & Company,0.7,0.0
S4,Scenario 4,Coordinated target-seeking transition,Scenario 4,65,other_consumption_outpatient_dental_services,Övrigt - outpatient dental services,Other consumption - Outpatient dental services,Other consumption,Outpatient dental services,10.06935,1.0,0.2,2029,0.7,0.7,0.0,70% via transition till förnybar energi,70% reduction through transition to renewable energy.,Low-carbon energy sources: Looking ahead to 2050 | McKinsey & Company,0.7,0.0
S4,Scenario 4,Coordinated target-seeking transition,Scenario 4,66,other_consumption_other_services,Övrigt - other services,Other consumption - Other services,Other consumption,Other services,9.468639,1.0,0.2,2029,0.7,0.7,0.0,70% via transition till förnybar energi,70% reduction through transition to renewable energy.,Low-carbon energy sources: Looking ahead to 2050 | McKinsey & Company,0.7,0.0
S4,Scenario 4,Coordinated target-seeking transition,Scenario 4,67,other_consumption_medical_aids_and_maintenance,Övrigt - medical aids and maintenance,Other consumption - Medical aids and maintenance,Other consumption,Medical aids and maintenance,9.377794,1.0,0.2,2029,0.7,0.7,0.0,70% via transition till förnybar energi,70% reduction through transition to renewable energy.,Low-carbon energy sources: Looking ahead to 2050 | McKinsey & Company,0.7,0.0
S4,Scenario 4,Coordinated target-seeking transition,Scenario 4,68,leisure_sport_and_culture_cultural_services,"Fritid, sport, kultur - kulturella tjänster","Leisure, sport and culture - Cultural services","Leisure, sport and culture",Cultural services,8.467172,1.0,0.2,2029,0.7,0.7,0.0,70% via transition till förnybar energi,70% reduction through transition to renewable energy.,Low-carbon energy sources: Looking ahead to 2050 | McKinsey & Company,0.7,0.0
S4,Scenario 4,Coordinated target-seeking transition,Scenario 4,69,other_consumption_home_care_for_older_people_and_people_with_disabilities,Övrigt - home care for elderly and disabled,Other consumption - Home care for older people and people with disabilities,Other consumption,Home care for older people and people with disabilities,7.755833,1.0,0.2,2029,0.7,0.7,0.0,70% via transition till förnybar energi,70% reduction through transition to renewable energy.,Low-carbon energy sources: Looking ahead to 2050 | McKinsey & Company,0.7,0.0
S4,Scenario 4,Coordinated target-seeking transition,Scenario 4,70,leisure_sport_and_culture_newspapers_and_periodicals,"Fritid, sport, kultur - tidningar och tidskrifter","Leisure, sport and culture - Newspapers and periodicals","Leisure, sport and culture",Newspapers and periodicals,7.724998,1.0,0.2,2029,0.7,0.7,0.0,70% via transition till förnybar energi,70% reduction through transition to renewable energy.,Low-carbon energy sources: Looking ahead to 2050 | McKinsey & Company,0.7,0.0
S4,Scenario 4,Coordinated target-seeking transition,Scenario 4,71,leisure_sport_and_culture_books,"Fritid, sport, kultur - böcker","Leisure, sport and culture - Books","Leisure, sport and culture",Books,7.58624,1.0,0.2,2029,0.7,0.7,0.0,70% via transition till förnybar energi,70% reduction through transition to renewable energy.,Low-carbon energy sources: Looking ahead to 2050 | McKinsey & Company,0.7,0.0
S4,Scenario 4,Coordinated target-seeking transition,Scenario 4,72,other_consumption_other_outpatient_care_services,Övrigt - other outpatient care services,Other consumption - Other outpatient care services,Other consumption,Other outpatient care services,7.461947,1.0,0.2,2029,0.7,0.7,0.0,70% via transition till förnybar energi,70% reduction through transition to renewable energy.,Low-carbon energy sources: Looking ahead to 2050 | McKinsey & Company,0.7,0.0
S4,Scenario 4,Coordinated target-seeking transition,Scenario 4,73,housing_direct_household_emissions,Bostaden - directa utsläpp från hushåll,Housing - Direct household emissions,Housing,Direct household emissions,7.144203,1.0,0.2,2029,0.7,0.7,0.0,70% via transition till förnybar energi,70% reduction through transition to renewable energy.,Low-carbon energy sources: Looking ahead to 2050 | McKinsey & Company,0.7,0.0
S4,Scenario 4,Coordinated target-seeking transition,Scenario 4,74,food_and_drink_low_and_medium_strength_beer,Mat och dryck - öl klass I o II,Food and drink - Low- and medium-strength beer,Food and drink,Low- and medium-strength beer,6.550008,1.0,0.2,2029,0.7,0.7,0.0,70% via transition till förnybar energi,70% reduction through transition to renewable energy.,the-agriculture-transition-building-a-sustainable-future-v8.pdf,0.7,0.0
S4,Scenario 4,Coordinated target-seeking transition,Scenario 4,75,local_transport_parking_services,Lokala transporter - parkeringstjänster,Local transport - Parking services,Local transport,Parking services,5.832175,1.0,0.2,2029,0.7,0.7,0.0,70% via transition till förnybar energi,70% reduction through transition to renewable energy.,Low-carbon energy sources: Looking ahead to 2050 | McKinsey & Company,0.7,0.0
S4,Scenario 4,Coordinated target-seeking transition,Scenario 4,76,food_and_drink_water,Mat och dryck - vatten,Food and drink - Water,Food and drink,Water,5.704631,1.0,0.2,2029,0.7,0.7,0.0,70% via transition till förnybar energi,70% reduction through transition to renewable energy.,Low-carbon energy sources: Looking ahead to 2050 | McKinsey & Company,0.7,0.0
S4,Scenario 4,Coordinated target-seeking transition,Scenario 4,77,leisure_sport_and_culture_writing_and_drawing_materials,"Fritid, sport, kultur - skriv- och ritmaterial","Leisure, sport and culture - Writing and drawing materials","Leisure, sport and culture",Writing and drawing materials,5.603584,1.0,0.2,2029,0.7,0.7,0.0,70% via transition till förnybar energi,70% reduction through transition to renewable energy.,Low-carbon energy sources: Looking ahead to 2050 | McKinsey & Company,0.7,0.0
S4,Scenario 4,Coordinated target-seeking transition,Scenario 4,78,other_consumption_residential_care_for_older_people_and_people_with_disabilities_excluding,Övrigt - residential care for elderly and disabled (no health care),"Other consumption - Residential care for older people and people with disabilities, excluding health care",Other consumption,"Residential care for older people and people with disabilities, excluding health care",5.168192,1.0,0.2,2029,0.7,0.7,0.0,70% via transition till förnybar energi,70% reduction through transition to renewable energy.,Low-carbon energy sources: Looking ahead to 2050 | McKinsey & Company,0.7,0.0
S4,Scenario 4,Coordinated target-seeking transition,Scenario 4,79,local_transport_motorcycles,Lokala transporter - motorcyklar,Local transport - Motorcycles,Local transport,Motorcycles,5.079291,1.0,0.2,2029,0.7,0.7,0.0,70% via transition till förnybar energi,70% reduction through transition to renewable energy.,Low-carbon energy sources: Looking ahead to 2050 | McKinsey & Company,0.7,0.0
S4,Scenario 4,Coordinated target-seeking transition,Scenario 4,80,other_consumption_insurance,Övrigt - insurance,Other consumption - Insurance,Other consumption,Insurance,5.017043,1.0,0.2,2029,0.7,0.7,0.0,70% via transition till förnybar energi,70% reduction through transition to renewable energy.,Low-carbon energy sources: Looking ahead to 2050 | McKinsey & Company,0.7,0.0
S4,Scenario 4,Coordinated target-seeking transition,Scenario 4,81,clothing_and_shoes_clothing_materials,Kläder och skor - material till kläder,Clothing and shoes - Clothing materials,Clothing and shoes,Clothing materials,4.7143,1.0,0.2,2029,0.7,0.7,0.0,70% via transition till förnybar energi,70% reduction through transition to renewable energy.,Low-carbon energy sources: Looking ahead to 2050 | McKinsey & Company,0.7,0.0
S4,Scenario 4,Coordinated target-seeking transition,Scenario 4,82,leisure_sport_and_culture_leisure_goods_rental_maintenance_and_repair,"Fritid, sport, kultur - fritidsvaror: uthyrning, underhåll och reparation","Leisure, sport and culture - Leisure goods: rental, maintenance and repair","Leisure, sport and culture","Leisure goods: rental, maintenance and repair",4.214779,1.0,0.2,2029,0.7,0.7,0.0,70% via transition till förnybar energi,70% reduction through transition to renewable energy.,Low-carbon energy sources: Looking ahead to 2050 | McKinsey & Company,0.7,0.0
S4,Scenario 4,Coordinated target-seeking transition,Scenario 4,83,other_consumption_medical_products,Övrigt - medical products,Other consumption - Medical products,Other consumption,Medical products,4.067291,1.0,0.2,2029,0.7,0.7,0.0,70% via transition till förnybar energi,70% reduction through transition to renewable energy.,the-agriculture-transition-building-a-sustainable-future-v8.pdf,0.7,0.0
S4,Scenario 4,Coordinated target-seeking transition,Scenario 4,84,food_and_drink_narcotics,Mat och dryck - narkotika,Food and drink - Narcotics,Food and drink,Narcotics,3.772807,1.0,0.2,2029,0.7,0.7,0.0,70% via transition till förnybar energi,70% reduction through transition to renewable energy.,the-agriculture-transition-building-a-sustainable-future-v8.pdf,0.7,0.0
S4,Scenario 4,Coordinated target-seeking transition,Scenario 4,85,other_consumption_electric_appliances_for_personal_care,Övrigt - electric appliances for personal care,Other consumption - Electric appliances for personal care,Other consumption,Electric appliances for personal care,3.753629,1.0,0.2,2029,0.7,0.7,0.0,70% via transition till förnybar energi,70% reduction through transition to renewable energy.,Low-carbon energy sources: Looking ahead to 2050 | McKinsey & Company,0.7,0.0
S4,Scenario 4,Coordinated target-seeking transition,Scenario 4,86,local_transport_other_transport_of_goods,Lokala transporter - annan transport av varor,Local transport - Other transport of goods,Local transport,Other transport of goods,3.523439,1.0,0.2,2029,0.7,0.7,0.0,70% via transition till förnybar energi,70% reduction through transition to renewable energy.,Low-carbon energy sources: Looking ahead to 2050 | McKinsey & Company,0.7,0.0
S4,Scenario 4,Coordinated target-seeking transition,Scenario 4,87,leisure_sport_and_culture_services_for_pets,"Fritid, sport, kultur - tjänster för sällskapsdjur","Leisure, sport and culture - Services for pets","Leisure, sport and culture",Services for pets,3.281919,1.0,0.2,2029,0.7,0.7,0.0,70% via transition till förnybar energi,70% reduction through transition to renewable energy.,Low-carbon energy sources: Looking ahead to 2050 | McKinsey & Company,0.7,0.0
S4,Scenario 4,Coordinated target-seeking transition,Scenario 4,88,food_and_drink_tea_mate_and_other_herbal_teas,"Mat och dryck - te, maté och andra teer på växter","Food and drink - Tea, maté and other herbal teas",Food and drink,"Tea, maté and other herbal teas",3.254937,1.0,0.2,2029,0.7,0.7,0.0,70% via transition till förnybar energi,70% reduction through transition to renewable energy.,the-agriculture-transition-building-a-sustainable-future-v8.pdf,0.7,0.0
S4,Scenario 4,Coordinated target-seeking transition,Scenario 4,89,leisure_sport_and_culture_photographic_and_optical_equipment,"Fritid, sport, kultur - fotografisk och optisk utrustning","Leisure, sport and culture - Photographic and optical equipment","Leisure, sport and culture",Photographic and optical equipment,3.108459,1.0,0.2,2029,0.7,0.7,0.0,70% via transition till förnybar energi,70% reduction through transition to renewable energy.,Low-carbon energy sources: Looking ahead to 2050 | McKinsey & Company,0.7,0.0
S4,Scenario 4,Coordinated target-seeking transition,Scenario 4,90,other_consumption_education_services,Övrigt - Utbildningstjänster,Other consumption - Education services,Other consumption,Education services,2.819503,1.0,0.2,2029,0.7,0.7,0.0,70% via transition till förnybar energi,70% reduction through transition to renewable energy.,Low-carbon energy sources: Looking ahead to 2050 | McKinsey & Company,0.7,0.0
S4,Scenario 4,Coordinated target-seeking transition,Scenario 4,91,housing_actual_rents_for_other_dwellings_garages_and_storage,"Bostaden - faktiska hyror för andra boenden, garage, förråd","Housing - Actual rents for other dwellings, garages and storage",Housing,"Actual rents for other dwellings, garages and storage",2.796477,1.0,0.2,2029,0.7,0.7,0.0,70% via transition till förnybar energi,70% reduction through transition to renewable energy.,Low-carbon energy sources: Looking ahead to 2050 | McKinsey & Company,0.7,0.0
S4,Scenario 4,Coordinated target-seeking transition,Scenario 4,92,other_consumption_software,Övrigt - programvaror,Other consumption - Software,Other consumption,Software,1.896521,1.0,0.2,2029,0.7,0.7,0.0,70% via transition till förnybar energi,70% reduction through transition to renewable energy.,Low-carbon energy sources: Looking ahead to 2050 | McKinsey & Company,0.7,0.0
S4,Scenario 4,Coordinated target-seeking transition,Scenario 4,93,leisure_sport_and_culture_audiovisual_media,"Fritid, sport, kultur - audiovisuella medier","Leisure, sport and culture - Audiovisual media","Leisure, sport and culture",Audiovisual media,1.877962,1.0,0.2,2029,0.7,0.7,0.0,70% via transition till förnybar energi,70% reduction through transition to renewable energy.,Low-carbon energy sources: Looking ahead to 2050 | McKinsey & Company,0.7,0.0
S4,Scenario 4,Coordinated target-seeking transition,Scenario 4,94,local_transport_postal_and_courier_services,Lokala transporter - post- och budtjänster,Local transport - Postal and courier services,Local transport,Postal and courier services,1.636122,1.0,0.2,2029,0.7,0.7,0.0,70% via transition till förnybar energi,70% reduction through transition to renewable energy.,Low-carbon energy sources: Looking ahead to 2050 | McKinsey & Company,0.7,0.0
S4,Scenario 4,Coordinated target-seeking transition,Scenario 4,95,food_and_drink_other_alcoholic_beverages,Mat och dryck - andra alkoholhaltiga drycker,Food and drink - Other alcoholic beverages,Food and drink,Other alcoholic beverages,1.514244,1.0,0.2,2029,0.7,0.7,0.0,70% via transition till förnybar energi,70% reduction through transition to renewable energy.,the-agriculture-transition-building-a-sustainable-future-v8.pdf,0.7,0.0
S4,Scenario 4,Coordinated target-seeking transition,Scenario 4,96,local_transport_driving_lessons_driving_licences_and_vehicle_inspections,"Lokala transporter - körlektioner, körkort, bilprovning","Local transport - Driving lessons, driving licences and vehicle inspections",Local transport,"Driving lessons, driving licences and vehicle inspections",1.354722,1.0,0.2,2029,0.7,0.7,0.0,70% via transition till förnybar energi,70% reduction through transition to renewable energy.,,0.7,0.0
S4,Scenario 4,Coordinated target-seeking transition,Scenario 4,97,leisure_sport_and_culture_musical_instruments,"Fritid, sport, kultur - musikinstrument","Leisure, sport and culture - Musical instruments","Leisure, sport and culture",Musical instruments,1.248173,1.0,0.2,2029,0.7,0.7,0.0,70% via transition till förnybar energi,70% reduction through transition to renewable energy.,Low-carbon energy sources: Looking ahead to 2050 | McKinsey & Company,0.7,0.0
S4,Scenario 4,Coordinated target-seeking transition,Scenario 4,98,food_and_drink_chocolate_drinks,Mat och dryck - chokladdrycker,Food and drink - Chocolate drinks,Food and drink,Chocolate drinks,0.902968,1.0,0.2,2029,0.7,0.7,0.0,70% via transition till förnybar energi,70% reduction through transition to renewable energy.,Low-carbon energy sources: Looking ahead to 2050 | McKinsey & Company,0.7,0.0
S4,Scenario 4,Coordinated target-seeking transition,Scenario 4,99,other_consumption_inpatient_curative_and_rehabilitative_services,Övrigt - inpatient curative and rehabilitative services,Other consumption - Inpatient curative and rehabilitative services,Other consumption,Inpatient curative and rehabilitative services,0.834667,1.0,0.2,2029,0.7,0.7,0.0,70% via transition till förnybar energi,70% reduction through transition to renewable energy.,Low-carbon energy sources: Looking ahead to 2050 | McKinsey & Company,0.7,0.0
S4,Scenario 4,Coordinated target-seeking transition,Scenario 4,100,local_transport_road_tolls,Lokala transporter - biltullar,Local transport - Road tolls,Local transport,Road tolls,0.802085,1.0,0.2,2029,0.7,0.7,0.0,70% via transition till förnybar energi,70% reduction through transition to renewable energy.,Low-carbon energy sources: Looking ahead to 2050 | McKinsey & Company,0.7,0.0
S4,Scenario 4,Coordinated target-seeking transition,Scenario 4,101,other_consumption_childcare_services,Övrigt - childcare services,Other consumption - Childcare services,Other consumption,Childcare services,0.747856,1.0,0.2,2029,0.7,0.7,0.0,70% via transition till förnybar energi,70% reduction through transition to renewable energy.,Low-carbon energy sources: Looking ahead to 2050 | McKinsey & Company,0.7,0.0
S4,Scenario 4,Coordinated target-seeking transition,Scenario 4,102,local_transport_other_passenger_transport_services,Lokala transporter - andra persontransporttjänster,Local transport - Other passenger transport services,Local transport,Other passenger transport services,0.566234,1.0,0.2,2029,0.7,0.7,0.0,70% via transition till förnybar energi,70% reduction through transition to renewable energy.,Low-carbon energy sources: Looking ahead to 2050 | McKinsey & Company,0.7,0.0
S4,Scenario 4,Coordinated target-seeking transition,Scenario 4,103,other_consumption_preventive_care_services,Övrigt - preventive care services,Other consumption - Preventive care services,Other consumption,Preventive care services,0.522673,1.0,0.2,2029,0.7,0.7,0.0,70% via transition till förnybar energi,70% reduction through transition to renewable energy.,Low-carbon energy sources: Looking ahead to 2050 | McKinsey & Company,0.7,0.0
S4,Scenario 4,Coordinated target-seeking transition,Scenario 4,104,leisure_sport_and_culture_miscellaneous_printed_matter,"Fritid, sport, kultur - diverse trycksaker","Leisure, sport and culture - Miscellaneous printed matter","Leisure, sport and culture",Miscellaneous printed matter,0.504459,1.0,0.2,2029,0.7,0.7,0.0,70% via transition till förnybar energi,70% reduction through transition to renewable energy.,Low-carbon energy sources: Looking ahead to 2050 | McKinsey & Company,0.7,0.0
S4,Scenario 4,Coordinated target-seeking transition,Scenario 4,105,other_consumption_religious_and_ritual_articles,Övrigt - religious and ritual articles,Other consumption - Religious and ritual articles,Other consumption,Religious and ritual articles,0.42365,1.0,0.2,2029,0.7,0.7,0.0,70% via transition till förnybar energi,70% reduction through transition to renewable energy.,Low-carbon energy sources: Looking ahead to 2050 | McKinsey & Company,0.7,0.0
S4,Scenario 4,Coordinated target-seeking transition,Scenario 4,106,housing_liquid_fuels,Bostaden - flytande bränslen,Housing - Liquid fuels,Housing,Liquid fuels,0.368585,1.0,0.2,2029,0.7,0.7,0.0,70% via transition till förnybar energi,70% reduction through transition to renewable energy.,Low-carbon energy sources: Looking ahead to 2050 | McKinsey & Company,0.7,0.0
S4,Scenario 4,Coordinated target-seeking transition,Scenario 4,107,housing_solid_fuels,Bostaden - fasta bränslen,Housing - Solid fuels,Housing,Solid fuels,0.21005,1.0,0.2,2029,0.7,0.7,0.0,70% via transition till förnybar energi,70% reduction through transition to renewable energy.,Low-carbon energy sources: Looking ahead to 2050 | McKinsey & Company,0.7,0.0
S4,Scenario 4,Coordinated target-seeking transition,Scenario 4,108,clothing_and_shoes_laundry_repair_and_rental_of_clothing,"Kläder och skor - tvätt, lagning och uthyrning av kläder","Clothing and shoes - Laundry, repair and rental of clothing",Clothing and shoes,"Laundry, repair and rental of clothing",0.065814,1.0,0.2,2029,0.7,0.7,0.0,70% via transition till förnybar energi,70% reduction through transition to renewable energy.,Low-carbon energy sources: Looking ahead to 2050 | McKinsey & Company,0.7,0.0
S4,Scenario 4,Coordinated target-seeking transition,Scenario 4,109,clothing_and_shoes_cleaning_repair_and_rental_of_footwear,"Kläder och skor - rengöring, lagning och uthyrning av skodon","Clothing and shoes - Cleaning, repair and rental of footwear",Clothing and shoes,"Cleaning, repair and rental of footwear",0.057527,1.0,0.2,2029,0.7,0.7,0.0,70% via transition till förnybar energi,70% reduction through transition to renewable energy.,Low-carbon energy sources: Looking ahead to 2050 | McKinsey & Company,0.7,0.0
S4,Scenario 4,Coordinated target-seeking transition,Scenario 4,110,housing_gas,Bostaden - gas,Housing - Gas,Housing,Gas,0.002579,1.0,0.2,2029,0.7,0.7,0.0,70% via transition till förnybar energi,70% reduction through transition to renewable energy.,Low-carbon energy sources: Looking ahead to 2050 | McKinsey & Company,0.7,0.0
